山田太郎_001,taro_yamada+001@example.com
山田太郎_002,taro_yamada+002@example.com
山田太郎_003,taro_yamada+003@example.com
山田太郎_004,taro_yamada+004@example.com
山田太郎_005,taro_yamada+005@example.com
山田太郎_006,taro_yamada+006@example.com
山田太郎_007,taro_yamada+007@example.com
山田太郎_008,taro_yamada+008@example.com
山田太郎_009,taro_yamada+009@example.com
山田太郎_010,taro_yamada+010@example.com
山田太郎_011,taro_yamada+011@example.com
山田太郎_012,taro_yamada+012@example.com
山田太郎_013,taro_yamada+013@example.com
山田太郎_014,taro_yamada+014@example.com
山田太郎_015,taro_yamada+015@example.com
山田太郎_016,taro_yamada+016@example.com
山田太郎_017,taro_yamada+017@example.com
山田太郎_018,taro_yamada+018@example.com
山田太郎_019,taro_yamada+019@example.com
山田太郎_020,taro_yamada+020@example.com
山田太郎_021,taro_yamada+021@example.com
山田太郎_022,taro_yamada+022@example.com
山田太郎_023,taro_yamada+023@example.com
山田太郎_024,taro_yamada+024@example.com
山田太郎_025,taro_yamada+025@example.com
山田太郎_026,taro_yamada+026@example.com
山田太郎_027,taro_yamada+027@example.com
山田太郎_028,taro_yamada+028@example.com
山田太郎_029,taro_yamada+029@example.com
山田太郎_030,taro_yamada+030@example.com